{
  "Version": 3,
  "FileReferences": {
    "Moc": "hiyori_pro_t11.moc3",
    "Textures": ["hiyori_pro_t11.2048/texture_00.png", "hiyori_pro_t11.2048/texture_01.png"],
    "Physics": "hiyori_pro_t11.physics3.json",
    "Pose": "hiyori_pro_t11.pose3.json",
    "DisplayInfo": "hiyori_pro_t11.cdi3.json",
    "Expressions": [
      { "Name": "F01", "File": "expressions/F01.exp3.json" },
      { "Name": "F02", "File": "expressions/F02.exp3.json" },
      { "Name": "F03", "File": "expressions/F03.exp3.json" },
      { "Name": "F04", "File": "expressions/F04.exp3.json" },
      { "Name": "F05", "File": "expressions/F05.exp3.json" },
      { "Name": "F06", "File": "expressions/F06.exp3.json" },
      { "Name": "F07", "File": "expressions/F07.exp3.json" },
      { "Name": "F08", "File": "expressions/F08.exp3.json" }
    ],
    "Motions": {
      "Idle": [
        {
          "File": "motion/hiyori_m01.motion3.json"
        },
        {
          "File": "motion/hiyori_m02.motion3.json"
        },
        {
          "File": "motion/hiyori_m05.motion3.json"
        }
      ],
      "Flick": [
        {
          "File": "motion/hiyori_m03.motion3.json"
        }
      ],
      "FlickDown": [
        {
          "File": "motion/hiyori_m04.motion3.json"
        }
      ],
      "FlickUp": [
        {
          "File": "motion/hiyori_m06.motion3.json"
        }
      ],
      "Tap": [
        {
          "File": "motion/hiyori_m07.motion3.json"
        },
        {
          "File": "motion/hiyori_m08.motion3.json"
        }
      ],
      "Tap@Body": [
        {
          "File": "motion/hiyori_m09.motion3.json"
        }
      ],
      "Flick@Body": [
        {
          "File": "motion/hiyori_m10.motion3.json"
        }
      ]
    }
  },
  "Groups": [
    {
      "Target": "Parameter",
      "Name": "LipSync",
      "Ids": ["ParamMouthOpenY"]
    },
    {
      "Target": "Parameter",
      "Name": "EyeBlink",
      "Ids": ["ParamEyeLOpen", "ParamEyeROpen"]
    }
  ],
  "HitAreas": [
    {
      "Id": "HitArea",
      "Name": "Body"
    }
  ]
}
