{
  "Type": "Live2D Expression",
  "Parameters": [
    {
      "Id": "ParamBrowLY",
      "Value": -1,
      "Blend": "Add"
    },
    {
      "Id": "ParamBrowRY",
      "Value": -1,
      "Blend": "Add"
    },
    {
      "Id": "ParamBrowLForm",
      "Value": 1,
      "Blend": "Add"
    },
    {
      "Id": "ParamBrowRForm",
      "Value": 1,
      "Blend": "Add"
    },
    {
      "Id": "ParamMouthOpenY",
      "Value": 1,
      "Blend": "Add"
    },
    {
      "Id": "ParamEyeForm",
      "Value": 0.54,
      "Blend": "Add"
    }
  ]
}
