{
  "Type": "Live2D Expression",
  "Parameters": [
    {
      "Id": "ParamEyeLOpen",
      "Value": 0.8,
      "Blend": "Multiply"
    },
    {
      "Id": "ParamEyeROpen",
      "Value": 0.8,
      "Blend": "Multiply"
    },
    {
      "Id": "ParamBrowLY",
      "Value": -0.56,
      "Blend": "Add"
    },
    {
      "Id": "ParamBrowRY",
      "Value": -0.56,
      "Blend": "Add"
    },
    {
      "Id": "ParamBrowRX",
      "Value": -1,
      "Blend": "Add"
    },
    {
      "Id": "ParamBrowLAngle",
      "Value": 0.35,
      "Blend": "Add"
    },
    {
      "Id": "ParamBrowRAngle",
      "Value": 0.35,
      "Blend": "Add"
    },
    {
      "Id": "ParamBrowLForm",
      "Value": -0.74,
      "Blend": "Add"
    },
    {
      "Id": "ParamBrowRForm",
      "Value": -0.74,
      "Blend": "Add"
    },
    {
      "Id": "ParamMouthForm",
      "Value": -1.76,
      "Blend": "Add"
    },
    {
      "Id": "ParamEyeForm",
      "Value": 1,
      "Blend": "Add"
    }
  ]
}
