{
  "Type": "Live2D Expression",
  "Parameters": [
    {
      "Id": "ParamEyeLOpen",
      "Value": 0,
      "Blend": "Multiply"
    },
    {
      "Id": "ParamEyeLSmile",
      "Value": 1,
      "Blend": "Add"
    },
    {
      "Id": "ParamEyeROpen",
      "Value": 0,
      "Blend": "Multiply"
    },
    {
      "Id": "ParamEyeRSmile",
      "Value": 1,
      "Blend": "Add"
    },
    {
      "Id": "ParamBrowLY",
      "Value": 0.32,
      "Blend": "Add"
    },
    {
      "Id": "ParamBrowRY",
      "Value": 0.32,
      "Blend": "Add"
    }
  ]
}
