{
  "Type": "Live2D Expression",
  "Parameters": [
    {
      "Id": "ParamEyeLOpen",
      "Value": 2,
      "Blend": "Multiply"
    },
    {
      "Id": "ParamEyeROpen",
      "Value": 2,
      "Blend": "Multiply"
    },
    {
      "Id": "ParamBrowLY",
      "Value": 1,
      "Blend": "Add"
    },
    {
      "Id": "ParamBrowRY",
      "Value": 1,
      "Blend": "Add"
    },
    {
      "Id": "ParamMouthForm",
      "Value": -1,
      "Blend": "Add"
    },
    {
      "Id": "ParamEyeBallForm",
      "Value": -0.65,
      "Blend": "Add"
    }
  ]
}
