{
  "Type": "Live2D Expression",
  "Parameters": [
    {
      "Id": "ParamEyeLOpen",
      "Value": 0.8,
      "Blend": "Multiply"
    },
    {
      "Id": "ParamEyeROpen",
      "Value": 0.8,
      "Blend": "Multiply"
    },
    {
      "Id": "ParamBrowLForm",
      "Value": -0.33,
      "Blend": "Add"
    },
    {
      "Id": "ParamBrowRForm",
      "Value": -0.33,
      "Blend": "Add"
    },
    {
      "Id": "ParamMouthForm",
      "Value": -1.76,
      "Blend": "Add"
    }
  ]
}
